"reviewer.id","review.id","complexity","result","extent","quality"
1,623,0.366999314027222,1,229,3
1,1381,0.489959666284084,1,184,3
1,673,-1.39683691418448,0,126,3
1,136,0.545315695159336,0,183,3
1,35,-0.88190709921801,0,169,3
1,749,0.91856901006262,1,179,4
1,626,1.43827442865914,1,299,3
2,620,0.859935761200734,1,257,4
2,495,0.0164315894566532,0,167,4
2,1136,0.420815164049536,1,320,4
2,1258,-0.643922831599564,1,162,3
2,1959,-2.05982883314013,0,66,3
2,691,-1.79760388255752,0,69,3
3,906,0.929460813317416,0,162,4
3,933,-0.100439807731559,0,201,3
3,1637,1.7451017464625,1,234,3
3,27,-0.858105359488355,0,102,5
3,257,1.26537084518199,1,217,4
3,1840,8.27408149680475e-05,1,197,4
3,1114,0.0331384634208057,1,223,3
3,1175,1.48986369218519,1,288,4
3,1497,0.428969863471413,1,147,4
3,1495,-0.509304134287692,1,115,4
3,1341,-1.16420605573935,0,87,4
3,1088,-0.10726514338004,1,287,4
4,940,0.914029511506648,1,218,4
4,719,0.544066538647668,1,225,3
4,1529,1.0193925605992,1,210,3
4,1071,-0.455966691443284,0,229,3
4,1864,-0.188684648111865,1,185,4
4,400,0.564692809845967,1,177,4
4,1445,-0.629056044617704,0,197,4
4,1413,-0.37111889752241,1,136,3
5,1914,-0.837047153464824,1,113,4
5,422,-0.630796550436498,0,132,4
5,1961,0.636176453631928,0,141,3
5,560,-1.00060875298396,0,77,4
5,1767,-1.78398695360096,1,41,3
5,1696,0.341297395534949,1,239,4
5,1717,-0.692742151316945,0,107,3
5,1927,0.614520637406908,1,234,4
5,1595,0.364474294729307,1,260,4
5,404,1.04737631478446,1,216,4
5,1189,-0.345479564238947,1,174,3
5,1122,-0.595367587718016,0,126,4
5,1860,1.07365141856348,1,207,4
5,1947,-0.631073820599681,1,130,4
6,964,-0.553800476252926,0,224,3
6,1243,0.416753970773527,1,297,3
6,1462,-0.361782335338825,0,171,4
6,162,0.192322670052761,1,191,3
6,1418,-0.344866325829007,0,179,4
6,1566,-0.403399214734689,0,184,3
6,398,0.132066881255652,1,291,4
6,1610,0.649393382662396,1,411,3
6,1501,-1.15250649583043,0,155,3
6,706,0.239306199107454,1,174,4
6,1507,-0.396367741786704,1,169,3
6,619,-1.93155584654327,0,107,3
6,165,0.12961407320289,1,187,2
7,738,1.29537234306599,0,139,3
7,1233,-0.397509704667331,0,122,4
7,1646,0.124719968166583,0,180,3
7,1720,-1.43642583999785,0,79,4
7,386,0.926036408388473,1,286,4
7,787,1.23845343694327,1,234,3
7,224,0.466942407846122,1,171,4
7,1298,0.0519144721208992,1,209,3
8,1510,0.0148007164167739,0,206,4
8,1607,0.769065558858126,1,203,4
8,225,0.996100723817818,1,279,4
8,748,1.40897207448775,1,367,4
8,1099,0.212940611623973,0,208,4
8,252,-0.384101662526346,0,125,3
8,550,-0.31146612379209,0,134,4
8,523,-2.04045493370689,0,58,4
8,450,-0.708050016763526,0,121,4
8,83,2.34163310883507,1,331,3
9,1944,0.128342613120549,1,213,4
9,1443,-0.118833510989263,1,239,5
9,178,2.12218817380181,1,256,3
9,94,1.2701846220279,1,454,4
9,591,-1.50662001563256,1,140,3
9,1647,-0.840032512842004,0,157,3
9,1027,0.205450423465083,0,240,3
10,329,0.705630394726504,1,338,3
10,6,-1.07980870568021,0,149,3
10,1559,0.443769661137467,1,213,4
10,1407,-0.246086394288791,0,147,4
10,539,-0.431082281810776,0,151,4
10,1181,1.12283801105242,1,202,4
10,305,0.893614537734785,0,210,3
11,1880,1.05955422981399,1,288,2
11,602,-2.0779365240176,0,80,4
11,929,2.06400170327744,1,219,3
11,1017,-0.116846937782522,1,171,3
11,1948,-0.0560105777322139,1,187,3
11,1567,-0.693807871603129,1,234,3
11,1427,0.242111390754448,1,275,3
11,1844,0.539030860536776,0,221,3
11,1531,-0.840499742953667,0,133,3
11,849,0.742143232279411,1,212,3
12,818,-0.833586156031399,0,102,3
12,901,0.825095170295916,1,201,4
12,1989,-0.234984485535097,0,212,3
12,1639,-1.15667991748175,0,164,3
12,540,0.312404801665645,0,172,4
12,1296,0.552498811832515,1,226,3
13,227,-0.096690403664573,0,246,3
13,508,0.174561019381004,1,256,3
13,310,-1.55986270267066,0,205,2
13,1469,-1.95661216514215,0,128,3
13,663,1.0960934673429,0,155,3
13,1352,2.38023551310347,1,314,3
13,653,0.419631562832522,0,271,3
13,1033,-0.0248571660791716,0,206,3
13,1056,1.81344374107829,0,188,3
13,686,-0.522675120427078,0,178,3
13,1537,0.0967928601847347,0,216,3
13,1328,0.0635126339016491,1,249,3
14,1982,-0.668632967478068,0,198,3
14,1031,0.550598087898451,1,282,3
14,105,0.175103188385724,1,238,4
14,575,-1.41167684946679,0,135,4
14,1005,-0.232911614960017,0,166,4
14,680,-0.153676578716392,0,141,3
14,353,-1.34820640835759,0,108,3
14,790,0.73244636221552,1,153,3
14,1019,0.768456187217194,0,203,3
14,1769,-0.394011210083413,1,227,4
14,488,0.715257948557095,1,276,4
15,355,0.168984649888781,1,126,4
15,885,0.573895713762675,1,210,3
15,1536,-1.40224497646505,0,119,4
15,282,-1.91678677525933,0,101,4
15,470,-0.0199511033426942,0,207,4
15,1487,-0.906102133025838,1,177,4
16,1601,-1.8292406277825,0,87,4
16,1910,1.18551663607956,0,317,4
16,794,1.73336812351899,1,262,3
16,777,0.28990632731355,1,248,4
16,1217,-0.997779553329911,0,85,4
16,1805,-0.955230581295159,0,96,3
16,900,1.8286691767256,1,414,3
16,280,-0.613288242152522,0,201,3
16,1046,0.224745592516635,1,213,4
16,1778,0.755969855168886,1,270,3
16,377,-0.500961352749458,1,255,4
16,561,-0.525184410032489,0,179,2
16,498,-1.16318280431992,0,144,3
16,394,0.253105308451737,0,189,3
17,1278,-0.29737186313324,0,186,4
17,765,-0.22127652248739,0,110,4
17,1055,-0.542578207842556,0,135,3
17,1225,0.905288161368345,1,391,3
17,8,0.316428774076866,1,199,4
17,1789,0.379963069460504,0,136,3
18,898,1.07467341884036,1,156,3
18,1085,-0.14043647937561,1,200,3
18,1242,-2.07356215763746,0,105,4
18,837,0.435516333554736,1,223,3
18,683,1.01480824658717,1,296,3
18,1760,-0.00668121593624918,1,130,3
18,511,-0.158001197250738,0,264,2
18,479,-0.419754778431039,0,179,4
19,1268,-0.887768251286856,0,91,3
19,932,0.749681333620545,1,201,3
19,1682,-0.619738274466107,0,129,4
19,758,0.290288047261948,1,162,4
19,1539,-0.774734426244117,1,221,3
19,10,-0.186311821572785,0,172,4
19,1822,0.53163982483918,1,171,3
19,1145,-1.26773451266183,0,101,4
19,1398,1.11042958568404,1,178,4
19,517,0.143088052944112,0,237,3
20,1348,1.52448910434662,1,173,4
20,1023,-0.309933260239915,0,161,3
20,828,-2.25944782733081,1,55,4
20,1465,-1.28950887954124,0,101,4
20,1635,-1.26352718798513,1,83,4
20,1826,-0.821718349082488,0,158,4
20,881,-0.321487004013126,0,183,4
20,69,0.767974460662427,1,237,4
21,854,-1.68535968661498,1,165,4
21,1577,0.212122429740077,0,317,2
21,485,-1.77630801462451,0,176,3
21,1331,1.16302024468115,1,278,3
21,911,0.189113581701902,1,254,4
21,300,0.780317365080992,1,182,2
21,917,-1.16635543606621,0,134,3
22,1108,-0.747320385868506,0,157,2
22,36,-0.410036054773162,0,129,4
22,72,0.600961463954403,0,222,3
22,727,-1.22980695490702,0,129,4
22,1040,0.910660054692706,0,299,3
22,1915,-0.753839771071252,0,211,3
22,926,-0.95283728310014,1,220,3
22,1054,2.06333322520974,1,286,3
22,203,-0.440132857902075,1,259,4
22,1690,0.354311103813983,1,277,4
22,630,-1.14806278741479,0,230,3
22,694,-1.32525723905195,0,162,3
22,144,0.0122520064169915,1,203,4
22,829,0.904688980527811,1,317,3
22,815,-1.15488700393173,0,186,3
22,716,0.300533579913202,1,328,3
22,1456,1.6610677139647,1,246,3
23,1630,-0.677280307960098,0,125,3
23,1730,-0.852845170066521,0,112,3
23,269,0.0173811125745591,1,178,4
23,1768,-1.50139022467267,0,114,4
23,1712,0.349775352045488,1,170,3
23,992,2.45310915716019,1,230,4
23,1430,-2.21059718398972,0,57,4
24,764,0.948735443199892,1,190,3
24,1523,-2.49247165366532,0,77,3
24,1811,2.03303976598121,1,224,4
24,1570,1.58981502230424,1,369,3
24,1809,-0.22735602309079,0,186,3
24,1466,-0.0779783215874918,0,388,2
24,288,-0.148503492770245,0,205,4
24,207,-1.71883285452158,0,154,2
24,1338,0.38023299899024,1,386,3
24,1182,0.543837607418143,1,193,4
24,1403,1.37446620393538,1,277,3
25,234,1.82584469834403,1,356,3
25,624,0.0481957663228761,0,165,4
26,489,1.33482820280708,1,330,3
26,1151,-1.95149501277721,0,78,4
26,328,-0.523213839654391,0,175,3
26,73,0.857215605828353,1,204,3
26,500,-1.43179529613523,0,172,3
26,1786,-1.78816466517946,0,132,3
26,658,-1.25057497213972,0,150,4
26,1130,0.0944747459827933,0,235,3
26,697,0.299680340523092,1,277,3
26,1326,0.553097288609016,1,211,4
27,1202,-0.0207690860326515,0,216,4
27,699,-1.45551902828199,0,84,4
27,1813,-1.33695755966423,1,99,4
27,1609,1.53766576591964,1,294,3
27,908,-0.757094793506504,0,115,4
27,1156,0.00489779895646401,0,101,3
27,614,-0.560679232970216,1,124,4
27,48,0.288428955717602,1,139,4
28,248,1.49664552547718,1,190,2
28,682,-1.16816102659129,1,211,3
28,1657,0.284851802930719,1,237,3
28,156,-0.529436216206091,0,140,3
28,201,-0.191319250338318,1,143,4
28,1313,0.470598284541627,0,156,3
28,114,-1.4888070000075,0,116,2
28,49,-0.209491586687254,0,256,3
28,369,-0.308620194419869,1,197,3
28,286,0.958640920307611,1,360,3
28,486,-0.71347267562838,0,151,3
29,1472,0.326961935874653,1,171,4
29,1195,-1.32998235255858,0,94,4
29,951,-0.797926145568572,1,115,4
29,813,-0.753980672368058,1,184,4
29,186,1.09079880208734,1,243,2
29,459,-0.574798556992012,0,178,3
29,298,-0.135323967147437,1,160,4
30,1132,0.733194345967743,1,207,4
30,273,0.793883016732085,1,287,3
30,1361,1.00534033787216,0,173,3
30,876,-1.36662217067186,0,121,2
30,821,-0.0831116794669059,0,193,3
30,935,-0.190634598269245,0,172,4
30,17,-0.355769280430533,1,207,4
30,1356,0.144461689170441,0,149,4
30,948,-3.00302139918787,0,59,4
30,617,-0.683649617941025,0,141,4
30,1229,-0.472736204007584,1,216,4
30,200,-0.490805604038784,0,156,3
30,354,-0.326757762536941,0,235,3
30,524,-0.358684787239376,1,208,4
30,819,-1.749561578319,0,105,4
31,253,-0.818009987811272,1,138,4
31,1893,1.3135270862234,1,277,4
31,1687,0.587936806653583,1,138,4
31,1275,2.91238215199434,1,329,3
31,704,-0.356486144072012,1,148,4
31,950,1.95730006052044,1,307,3
31,1728,-0.429235282824288,1,151,4
31,1188,0.748007808250777,1,156,3
31,80,0.297169904671321,0,177,3
31,1667,-1.7184651510333,0,129,3
31,1932,-1.47659299182644,0,74,3
31,1511,0.422018325978722,1,148,3
31,1034,-0.249647145236115,1,261,3
31,1603,-1.5526593692017,0,122,4
31,806,-0.869080098277901,0,123,3
31,1683,0.228469224346666,0,162,3
31,1627,-2.0412039623858,0,97,3
31,1923,1.74671638775523,0,255,3
32,1488,-0.0703061271929801,1,167,4
32,1587,-1.51250011232123,0,68,4
32,924,1.26229088310286,1,176,4
32,76,0.347327722078498,1,233,3
32,1226,-1.8346203846651,0,71,4
33,914,0.297413900277281,0,182,3
33,1928,0.0153281860519346,0,187,3
33,1584,1.68136975694166,1,256,3
33,1160,-0.172429289130945,0,252,3
33,1460,-0.40947583909118,0,212,3
33,1037,0.781541689390219,1,300,3
33,1294,-2.23959256630387,0,63,4
33,1799,-0.757991159420833,0,214,4
34,1582,0.48043735452733,1,243,3
34,1194,-0.0389586851916644,0,209,2
34,988,0.332061751291918,1,189,3
34,1323,0.7280909634628,1,260,4
34,1452,-1.13681326336284,1,80,4
35,480,-0.0481090277553152,0,217,2
35,672,1.82647142141397,1,260,2
35,759,0.306026047471866,1,369,4
35,652,0.469837561598612,1,318,4
35,1140,-0.698797532125487,0,204,3
35,88,0.0388697409617303,1,265,3
35,1280,0.145071275656759,1,289,4
35,1300,0.670539956218452,0,289,3
36,681,0.745101310949471,0,181,3
36,503,-1.20127203924222,0,151,3
36,379,0.190644508131495,1,260,4
36,1113,0.210071964513693,0,186,3
36,1324,0.206506871936607,0,186,3
36,1110,0.207514912905582,1,190,4
37,37,0.147258268529111,1,273,4
37,1919,0.438503545724505,0,271,3
37,339,-0.743814891200323,0,181,4
37,875,0.742924677304584,0,202,3
37,56,0.573798882805418,1,172,4
37,71,0.196625842138546,0,238,3
38,934,0.70210635888688,1,264,4
38,882,-0.128650006288499,1,155,3
38,1505,-0.122309651995128,0,195,4
38,1999,-0.542025487377236,1,117,4
38,239,2.50675070982929,1,336,4
38,557,-2.10663858316611,1,65,4
38,574,1.01700153998966,0,225,3
38,1464,1.44614804114576,0,234,4
38,846,-1.10646630444541,0,76,3
38,1742,1.5266374795701,1,256,3
39,1527,0.689213219949756,0,176,4
39,151,-0.647620265124764,1,167,4
39,246,0.980954083787956,1,167,3
39,1869,-1.23014048007496,0,116,3
39,21,-0.235755163612393,1,177,3
39,1858,0.0550723004283808,1,223,4
39,888,1.04297044117969,0,218,4
39,1133,1.00593073952139,1,156,4
39,666,-0.946075471703347,0,150,4
39,122,0.197069988744649,0,200,4
39,1449,0.690083772438659,1,304,4
39,287,0.0831911569827898,0,195,2
40,1035,0.245561475306213,0,139,4
40,1839,0.488217883482188,0,154,3
40,918,0.892127584644511,1,140,3
40,1543,0.350150312209734,0,242,3
40,731,1.03427328774321,1,201,4
41,769,1.13581923182589,1,237,3
41,1861,1.7320505544865,1,239,3
41,306,1.28699823452895,0,302,2
41,1502,1.16119580368047,0,237,3
41,688,0.316645735059773,0,338,3
41,793,-0.274310633931889,0,293,3
41,92,-0.776689796968385,0,161,4
41,1474,-1.22389876780409,0,149,3
41,944,0.893640651325971,0,319,3
41,1240,0.763668182383136,1,231,3
41,1898,0.588213826322292,1,176,3
41,319,0.304672969757715,0,197,3
41,690,0.331636543659882,1,238,3
41,1437,1.23286337100909,1,283,3
41,1208,-0.884860697213263,0,135,3
42,350,-1.75570065872122,0,67,4
42,938,1.16883473680313,1,241,4
42,1371,1.36635397491133,1,218,4
42,1112,-0.839460568006236,0,87,3
42,1556,-0.326039832246856,0,129,3
42,1681,2.3884421099481,1,192,4
42,1098,1.33907066591255,0,179,4
42,1727,0.710459531291269,1,228,4
42,968,0.401327256145662,1,236,4
43,385,-0.0681424253236876,0,207,3
43,1290,-1.79964800501894,0,107,4
43,1293,0.228780553944333,1,211,4
43,1867,-2.24995923993348,0,153,3
43,600,2.68252305680314,1,286,3
43,1025,0.0604713967575675,0,250,3
43,1803,0.0611327150374865,0,225,3
43,1267,0.774891963247093,0,210,3
43,1680,1.63417585797654,1,311,3
43,1981,-1.95258786112644,0,83,3
43,783,-0.317881146911775,0,174,3
43,1611,0.753624224511176,1,266,3
44,542,0.565605425655214,1,167,3
44,824,-1.49406663906734,0,106,4
44,1597,0.7050195655058,1,258,3
44,1621,1.26020472669971,1,236,4
44,1052,0.234758368766676,1,160,3
44,1563,-0.636160470785699,1,138,4
44,132,-0.132903403061725,1,148,4
44,1308,0.269168266065284,0,206,3
44,372,-1.48088096427173,0,97,4
44,984,0.159210830414138,1,314,4
45,1215,-1.24668480742539,0,140,4
45,1736,-0.562261643719236,1,166,4
45,668,0.897807113376154,0,299,3
45,113,0.189571413533384,1,233,4
45,1094,-0.120726417128692,1,272,4
45,1010,-0.485893859409363,1,195,4
45,771,0.608795707326245,1,154,4
45,1782,-1.35515201019051,1,134,3
45,1015,0.39443442892923,1,304,3
46,848,-0.553652920555451,1,195,4
46,838,-1.75417780756676,0,106,4
46,1847,-1.00683074641414,0,100,3
46,128,1.13296734173474,1,192,3
46,1384,1.78484489911558,1,489,4
46,1166,0.651773688155799,1,275,4
46,1123,-0.212338757717368,1,197,4
46,278,-0.396289901254118,1,129,3
46,576,-2.06780903846928,0,66,5
47,1115,-1.41754254129326,0,72,3
47,1346,-0.710346583755833,1,169,3
47,481,-0.93543391329744,0,86,4
47,678,-1.48265949388317,1,70,4
47,810,-0.370662867665797,0,228,4
47,590,1.2997190621716,1,272,4
47,1420,-0.368480198545085,0,155,4
47,1164,0.130124412877277,0,136,4
47,1053,0.149988307710781,0,122,3
48,1673,0.635711431325135,1,194,3
48,112,0.187885061935984,0,152,5
48,1121,-1.0080115460066,0,107,4
48,532,-1.39398249753548,0,136,4
48,1659,0.27491716242332,0,144,4
48,338,-0.0713204358719211,0,164,4
48,1374,-1.16964933239447,0,128,3
48,381,1.93380230803109,1,346,3
48,1050,-0.319101493189866,1,116,4
48,1092,0.529094950086249,0,159,4
48,54,-0.0732743628581687,0,178,3
48,40,-0.0219449700874037,0,126,3
49,1773,-1.01728738792268,0,115,3
49,1514,2.17523306700675,1,238,4
49,321,-0.609176027016145,0,136,4
49,1255,-0.452172092332771,1,132,3
49,1751,-0.00247438556373266,0,162,3
49,993,-2.12975350150897,0,92,3
50,1439,0.47655929952825,0,185,4
50,795,-1.39058827795094,0,149,3
50,671,0.222584214636411,1,148,3
50,1440,-0.631060740428785,0,104,4
50,1424,-2.48740088373837,0,77,3
50,1733,-0.228981558795755,1,217,3
50,1780,0.940863335916939,1,277,4
50,1387,1.40748714248221,1,211,4
50,1871,0.897882296301012,1,245,3
50,60,0.814978579186216,0,241,4
50,70,-1.39525889709388,0,124,3
50,1855,-1.40344610351832,0,111,4
50,883,1.61116245378466,1,262,3
50,616,2.05759682084327,1,264,4
51,753,-1.36512955054071,0,230,3
51,1891,-0.610389196190179,0,205,2
51,512,-1.54851115100888,0,155,4
51,220,-0.787854146190942,0,271,3
51,1951,-0.141237690333559,0,162,2
51,250,0.283596442711616,1,319,2
51,1163,-0.912049646490646,0,164,3
51,1382,-0.048246697432526,1,261,3
51,1976,0.0838161659523004,0,171,2
52,1896,1.04120596212671,1,283,3
52,1422,-0.450139896120486,0,125,3
52,910,1.45594591400638,1,212,3
52,687,0.322220505537882,1,215,4
52,1911,2.27129123391037,1,376,3
52,1498,0.248175400365579,1,206,4
52,1416,-0.047857769539217,1,159,4
52,237,-1.40692550502132,0,128,3
52,1211,-0.794744736028473,0,159,3
52,1957,-1.02533756063524,0,122,4
53,185,-1.68959224859562,1,59,4
53,1694,-1.43679804610799,0,80,4
53,1265,-0.428727529601178,1,103,4
53,416,-1.14358088610185,0,48,4
53,415,1.03297146512502,1,164,4
53,1703,1.41705241059972,1,227,3
53,1089,1.99138332881157,1,157,3
53,1043,0.0218216555676996,1,143,4
53,85,-1.32408893857645,0,138,4
53,1841,0.227096626599533,1,210,4
54,1478,0.982467806599964,0,505,1
54,880,0.312869229592194,1,374,1
54,1062,2.00059009984265,0,381,1
54,1578,-0.781924148943016,0,312,1
54,1650,-0.933266057282179,0,283,1
54,853,-0.435236268319242,0,184,2
54,1117,-1.26483508275497,0,222,2
54,205,-0.702024221929404,0,275,2
54,1674,0.986147053932896,0,271,2
54,331,1.23420148527686,1,423,2
54,1490,0.36859263594732,0,227,1
55,235,-0.252345472874786,0,169,3
55,1656,-0.163215788162558,0,138,3
55,812,0.599270830520106,1,160,3
55,684,-0.292944508483541,0,212,4
55,1706,-1.84971569488427,0,169,3
55,1041,-1.43691577782005,0,121,3
55,1106,-0.448210149574992,0,150,3
55,1661,0.373772392347908,1,197,3
55,341,0.212531623420275,0,166,2
55,433,0.0753791256630903,1,233,4
56,1047,0.156557411975082,1,173,4
56,535,0.62735534996434,1,247,4
56,1468,1.08672241358998,0,173,3
56,1508,-0.260450717992056,1,164,4
56,1892,0.407340300236943,0,134,3
56,1669,-1.29506828179275,0,160,4
56,204,0.0590836798243704,1,213,4
56,615,1.12504369151901,1,176,3
56,996,-0.685527660065269,0,132,3
56,213,1.70120903926708,1,229,4
57,349,-0.728701878391403,0,161,4
57,53,-1.25895554355542,0,103,3
57,1708,0.202030205725079,1,220,4
57,1201,-0.534772773143864,1,169,3
57,1685,-0.902665879511805,1,115,4
57,1743,-0.429467191848411,1,129,4
57,243,-1.34454734923787,1,169,4
57,709,1.84766292370034,1,331,3
57,536,-0.352833305170755,1,241,4
57,1042,0.453418545980725,0,224,3
57,733,0.121067005480955,0,154,3
58,605,1.16820633954293,0,257,3
58,541,-0.619009402408378,0,208,4
58,714,0.291645381060723,0,145,3
58,1917,-0.153878202424945,0,184,4
58,1454,0.00127098748052457,0,120,3
58,879,-0.467970519429726,1,192,3
58,484,0.81716694007548,1,262,4
58,1003,0.788275561335281,1,197,4
58,11,0.00446127607583829,0,137,4
59,1024,-0.274916970815024,1,161,4
59,14,1.04173955091045,1,385,3
59,435,0.402489769738429,1,136,3
59,1262,-0.468370335278638,0,118,3
59,1623,1.69999677419135,1,219,4
59,1339,0.142813338307723,1,210,3
59,1755,-0.438606413642694,1,252,3
59,553,-0.154928414581356,1,173,3
59,131,-1.20522236166427,1,140,3
59,1575,-0.652649754222929,0,246,3
60,1913,0.76042285861064,0,227,4
60,1334,-0.298204111249536,1,145,4
60,931,0.567611934963027,1,179,4
60,124,0.571319748014141,0,173,3
60,146,0.66726662030232,1,144,3
60,1499,-1.12458253422355,1,108,4
60,138,-0.580313553307158,0,126,3
60,293,-0.599911807213654,1,153,4
60,1197,-0.226228808123896,0,137,3
60,75,0.470112971147684,1,155,4
60,1846,0.678726121417695,1,148,4
60,160,-0.494713922404038,1,135,3
60,632,-0.190621280702724,1,188,4
60,175,0.630865894744492,0,202,3
61,861,0.401336499975084,0,172,4
61,1183,0.530266988837581,0,137,3
61,1542,0.531408453726101,0,193,4
61,312,-0.172327774145489,1,153,4
61,284,0.693783444809753,1,272,3
61,1383,-2.04222567118617,0,76,5
61,77,-1.30838255074331,0,76,4
61,527,0.98165254377255,1,260,4
61,1379,-0.796398651940374,0,89,4
61,50,-0.332211199569287,0,118,4
61,779,-1.23752386568442,0,119,4
62,1671,-0.31884398192648,0,406,2
62,1588,0.427302754490073,0,166,3
62,965,0.441646035821914,1,323,2
62,418,-2.00645421027609,0,139,3
62,1513,0.286996890962951,0,203,2
62,966,0.16769472698694,1,293,2
62,1632,-0.314602127928439,1,273,3
62,1435,-1.39804995117878,0,172,2
62,478,-1.75053975315392,0,130,3
63,1716,-0.797629161045623,0,102,3
63,464,0.584858140924078,0,184,2
63,126,-1.19899163327131,0,184,3
63,158,-0.84599493444581,0,124,4
63,1493,-0.302297069598034,0,193,3
63,410,1.08557027884283,0,163,4
63,1940,-0.78171805546755,1,229,3
63,1000,-0.439879483032542,0,173,4
64,482,1.23092738033321,0,389,3
64,1090,0.330449045134884,1,202,4
64,67,-2.32160816156328,0,39,4
64,232,0.151433764701357,0,176,4
64,627,-1.33370384752205,0,85,3
64,1988,-1.23504799773422,0,109,4
64,1707,-0.464020638052315,0,107,4
64,1325,-0.274377186407291,1,119,4
64,675,-0.784792543938153,0,155,3
64,913,-0.191518640085961,1,187,3
64,373,-1.22903718990465,1,90,4
65,1453,1.20673859389858,0,136,3
65,93,-1.51277202766019,0,44,4
65,263,-0.976889260768019,0,94,4
65,497,0.0608651252273983,1,175,4
65,505,0.508684600069107,0,172,3
66,98,0.205391533024882,0,197,4
66,947,0.600458344841938,0,247,3
66,477,1.49531212890152,0,212,2
66,1873,-1.12210438509224,0,105,3
66,427,-0.108703506403913,1,165,3
66,1848,2.65229594190881,0,155,3
67,1792,-1.1319174841498,0,146,3
67,827,-0.254505729503609,0,125,4
67,1075,1.48476842053487,1,276,3
67,180,0.0703480919496197,1,292,4
67,660,0.689606724262856,0,178,3
67,47,-0.861661697282385,0,102,3
67,607,-0.690390678755417,0,138,4
67,1622,1.02468504383451,1,245,4
67,456,-0.523108868706495,0,239,4
67,164,-0.60467357797879,0,137,3
68,1576,-0.867173444711361,1,163,3
68,580,0.326385405887665,1,238,3
68,260,-0.663993276489932,0,244,3
68,1747,1.49797056907866,1,261,3
68,905,-0.520040886491703,0,203,2
68,107,-1.08159419950543,0,125,4
68,655,-1.16553329301984,1,115,3
68,696,-0.237201436001637,1,158,3
68,515,0.348124543828315,0,186,3
68,1038,1.5494998581229,1,272,4
68,52,-0.406982404221474,0,278,3
68,457,-0.0286737331920258,0,197,3
68,78,0.620425478550764,1,297,2
68,1942,-0.608941851219138,0,179,3
68,1757,-0.804379383981198,0,174,2
69,946,-0.169215910274029,0,195,4
69,361,0.489867117384774,1,244,3
69,1569,0.459449602360212,1,203,3
69,1473,-0.264398064752868,0,164,4
69,249,0.257636497415996,0,241,3
69,111,-1.56613343239756,1,104,4
69,1080,-1.58728113932322,0,61,4
69,1897,0.229977786587594,1,187,3
69,212,-1.70781341240319,0,62,3
69,1818,0.768665063586131,1,229,3
69,1579,0.571344769577428,1,328,3
70,322,-1.11295433230271,0,86,4
70,1591,-0.295400913820077,1,203,3
70,358,2.07174264107472,1,232,3
70,1872,0.964212386268761,1,239,4
70,1776,-0.820097105009524,0,160,3
70,303,-1.30589595001049,1,142,4
70,762,-0.881838851789814,0,151,3
70,89,-0.393691998713445,0,174,4
70,1057,-0.435439278401987,0,151,3
70,1274,-1.20166265605565,0,133,4
70,1096,1.77264378058895,1,353,2
70,622,-0.123458284090212,0,224,3
70,191,1.50829328827283,1,251,3
70,1291,0.339315639468683,1,134,3
71,981,-0.170188675858959,0,141,4
71,804,0.330682390684717,1,288,4
71,741,0.897255764587801,1,298,3
71,998,0.143745751946354,1,162,4
71,1351,0.170927693208683,1,278,4
71,899,-0.22104025738193,0,187,3
71,556,0.166753171627218,0,165,2
72,840,-0.239201645742536,1,102,3
72,13,0.220996869625174,0,252,4
72,562,0.338877962652705,1,168,4
72,1883,-0.0292120836545106,1,201,4
72,1763,0.728256064481451,0,134,3
72,1184,-0.0880879142639451,1,89,4
72,1476,-1.32556913808604,1,133,4
72,960,-0.23329510747274,0,127,3
72,1312,-0.266365686978333,0,117,4
72,24,-0.283786891053913,1,165,4
73,990,1.50926422100454,1,221,3
73,97,-0.660236510721771,0,146,3
73,1831,0.32730006994178,1,222,4
73,1191,1.78747418132664,1,226,3
73,871,0.55464686506401,1,179,3
73,442,0.843635140513029,1,292,4
73,864,-1.0933960953281,0,165,4
73,376,-0.980358706473452,0,108,4
73,440,-0.214983947706922,0,99,4
73,843,0.0711863996499297,1,176,4
73,1228,1.08951339591999,1,268,3
73,509,-0.469908543982212,0,116,3
73,510,0.611030845170269,1,207,4
73,572,0.630284090875383,1,214,4
73,855,-0.695196263922364,1,156,4
74,1321,-1.09467867496342,0,101,4
74,1380,1.11172904724762,1,307,3
74,1347,0.171120597715233,1,181,4
74,1330,1.09095407774598,1,253,3
74,1761,-1.24649883254486,0,106,4
74,1286,-0.6496078079203,0,144,3
74,851,0.699874009529216,0,196,3
74,957,-0.0617710120002182,1,179,4
74,750,0.636802061339012,1,247,4
74,370,-0.664375315726531,0,142,4
74,1984,-1.06600175078502,1,107,3
75,1253,-0.454859831092999,0,149,4
75,1953,-0.913712790460575,0,139,4
75,1248,0.554197598746374,1,236,3
75,1429,-0.582945589644731,1,182,4
75,226,0.164301365221961,0,158,4
75,1894,-0.182454819917443,1,209,3
75,1355,0.833238730283683,1,262,4
75,34,-0.168667541714526,0,204,3
75,1519,-1.55973010651636,0,74,4
75,1781,-1.18881378041798,0,132,4
75,643,-0.680412209631732,0,137,3
75,689,-1.16672593769731,0,119,3
76,761,-0.828940969409299,0,129,4
76,1946,-1.21925260587183,0,154,4
76,318,-1.67432216837005,0,75,5
76,907,-1.43605195886034,0,86,4
76,674,0.314733280029317,0,132,3
76,1884,0.986059111233742,0,251,4
77,472,-2.13242710495792,0,98,3
77,1333,1.4651044937021,1,212,3
77,528,-1.78727675368783,1,99,3
77,1705,-1.17956859505663,0,158,4
77,1252,-1.0275361451689,0,86,3
77,413,0.569290350763887,1,248,4
77,1266,-0.462250096180666,0,114,3
77,1461,-0.601666743483839,1,195,3
77,1785,0.0468552423202003,1,270,3
78,119,1.23959369126479,1,192,3
78,1963,1.03265954295739,1,210,4
78,137,1.53856604357335,1,186,4
78,277,0.518853787687527,0,239,2
78,79,0.283229415918983,1,241,3
79,198,1.45522262871524,0,167,3
79,1001,0.236315612757811,0,233,3
79,1349,0.85331732414455,1,269,3
79,1966,-1.32937089950887,0,131,3
79,865,0.128419157831665,0,97,4
79,1744,0.208479820575338,0,196,3
79,1648,0.0158373282426101,0,196,3
79,746,1.54447230234497,1,270,3
79,1076,-3.06063005652275,0,72,3
79,238,0.545728388202547,1,209,3
79,501,0.442970067081506,0,154,3
79,1073,-2.13845087413212,0,92,3
79,1675,-0.021283843998352,0,172,2
79,1270,1.21200013738255,0,88,3
79,1854,-0.751445251189026,0,174,4
79,820,1.28468588446524,1,226,3
79,242,0.77246206249985,1,277,4
80,1272,0.955023565917743,1,202,3
80,20,-0.656571398906755,0,147,4
80,732,0.53290624249763,1,179,3
80,1817,-0.70597568905236,1,148,3
80,292,0.585080322654866,1,241,4
80,1819,0.259694870884502,1,156,3
80,526,0.848796557109048,1,273,3
80,1828,-0.0988182786572587,1,264,3
81,26,1.5577090666088,1,170,3
81,1401,-0.548944266256715,1,192,4
81,1303,1.33653750815643,1,203,3
81,1451,1.05392537266472,0,234,3
81,169,-0.221893716049832,1,217,3
81,890,-0.895767475444006,1,139,4
81,1615,0.0602194004469208,0,186,3
81,1870,-0.899299642513466,0,132,4
82,309,-0.215789212456037,0,123,4
82,1967,0.372752439226104,1,185,4
82,894,-0.891220286429978,0,127,4
82,90,-0.243448281988293,0,176,4
82,154,-0.174137573086246,0,133,4
82,1259,-0.520080852555545,0,117,3
82,1345,-0.0379193307702043,0,182,4
82,441,-0.331962925393193,0,118,3
82,1463,1.59915381581928,1,273,4
83,1408,-0.600020836885349,1,152,3
83,258,0.805087473627185,1,295,4
83,1077,0.647596075124087,1,163,4
83,407,-0.0908126849384376,1,159,3
83,222,0.342978297297275,1,292,4
83,364,-0.427556807835438,0,157,3
83,399,-0.926076539091833,0,130,3
83,1764,0.897663963579371,1,244,4
83,1249,0.23369257015979,1,193,4
83,1276,1.00604159366373,1,200,4
83,856,-0.225422565636001,1,290,3
83,384,0.468668507914231,1,245,2
83,1929,0.737378855666733,1,330,3
83,1444,-1.4136488631222,0,123,4
83,1432,-1.59284120023854,0,110,4
84,585,0.939037561334827,1,165,3
84,1353,-0.838925530011846,1,142,4
84,973,-0.936789856236844,0,141,3
84,1752,0.25475453478145,1,133,4
84,1616,0.720869529880749,1,231,4
84,1500,1.04626616977857,1,243,4
84,368,-1.10219393323103,0,152,3
84,548,-0.447896292216098,1,120,4
84,290,1.47303389122726,0,200,3
84,826,0.00334188680677272,1,222,4
84,566,0.673871229754646,1,227,3
85,625,0.252522542229261,1,339,4
85,183,-0.844965175998304,0,186,3
85,1480,0.513354209421581,1,191,4
85,449,-1.38127773742739,0,103,3
85,324,-0.802725778438676,0,154,3
85,665,1.08590096879154,1,244,3
85,315,-1.3078235593596,0,118,3
85,1153,0.451354469677956,1,239,4
86,1824,1.53169968989811,1,396,4
86,1144,-0.301763482509582,1,159,3
86,1431,0.116412785663879,1,233,4
86,346,0.450682002351625,0,327,3
86,337,-0.0854795179520994,1,205,3
86,38,-1.50078767997261,1,76,4
86,1980,0.433742020724678,1,306,4
86,2,-0.948792622181703,0,84,4
86,1213,-0.430656443625653,1,166,4
86,594,-0.10316604679095,0,128,4
86,1850,0.234126780178999,1,136,5
86,612,-0.372373318774099,0,203,4
86,1765,-0.808466586130969,0,147,3
86,406,0.569528938565056,1,222,3
87,31,-0.370540440831056,0,200,4
87,1952,-0.456560717809185,0,163,4
87,492,-0.422748507087112,0,178,3
87,1082,0.189675847267639,1,221,3
87,1748,2.19562648789163,1,275,2
88,1455,0.0845943277707631,1,217,3
88,1335,-0.0835578286782519,1,123,3
88,283,0.109810408329934,0,219,3
88,1152,1.24233576212672,1,332,4
88,1058,1.14641697667825,1,165,4
88,538,-0.89316262780275,0,83,4
88,1124,0.195772066949595,1,115,4
88,1581,-1.28857365529608,0,119,3
88,1715,0.99966004447091,1,169,3
88,711,1.20557173805275,1,251,3
88,945,-1.09514956050199,0,115,4
88,1146,0.968519642587241,0,262,3
88,192,-1.12613437904095,0,135,4
88,1552,0.62687014181357,1,182,4
88,1438,0.581787125700714,0,177,4
88,1859,0.964904671765296,1,222,3
89,735,0.623666196093499,1,157,4
89,1109,-1.0849081217516,0,123,4
89,1779,-0.4325472745453,1,137,4
89,1103,-0.560784386467533,1,79,4
89,1821,-0.272027906453529,1,157,4
89,1995,-0.0425101976843568,1,191,3
89,618,-0.448557551365484,1,160,4
89,1978,-1.89755467444752,0,83,4
90,1397,-1.08973759385513,0,99,4
90,547,0.0823742769716798,1,182,4
90,700,-1.02891919801745,0,169,4
90,1710,-0.0220723910876751,0,180,3
90,1059,-0.0396724511837533,0,168,4
90,1665,1.44594299833546,1,230,4
91,1087,-1.43370893892332,0,89,4
91,1342,-0.359777938004634,1,127,4
91,1458,-1.08066843755117,1,144,4
91,1968,-0.0468524727987654,1,126,3
91,1528,-0.048461725772543,1,137,3
91,725,0.131484140072449,1,287,4
92,1620,-0.364271148524699,0,215,3
92,1836,1.89357113519385,1,309,3
92,1256,0.501427459575658,0,176,4
92,108,0.155158078103022,0,266,3
92,772,0.378034673889093,0,187,3
92,1916,1.0750825182851,1,166,4
92,1955,-0.0220429337137804,0,189,3
92,886,0.446423951451823,1,288,3
92,428,1.68708488298917,1,225,2
92,254,1.13707934348182,1,168,4
92,360,-0.0590570679119772,0,164,4
92,1421,-0.130694189294772,1,167,3
92,670,0.000585581939811021,1,226,4
92,110,-0.0293310773608081,1,204,4
92,724,0.518598589240952,1,314,3
93,55,-0.180842496739954,0,112,3
93,1097,0.317863330905282,0,209,3
93,662,0.432452358428382,0,108,4
93,1392,-1.03464947175942,1,141,4
93,1925,-0.576373108200602,1,147,3
93,1702,1.52807546277614,1,330,3
93,718,1.20398237840115,1,236,4
93,1295,0.251964442897423,0,164,4
93,1851,1.17750946280427,1,219,3
94,1079,0.514521463064951,1,211,3
94,593,-0.32821630292588,1,178,4
94,961,0.266658119269759,1,216,4
94,814,-0.0125797272477178,0,165,2
94,452,-0.214881446726116,1,297,4
94,954,-0.431329753256354,0,209,3
94,32,-0.327550889786147,1,168,4
94,1804,1.13359380732559,1,239,3
94,326,0.106044942962054,0,209,3
95,1009,0.333749882744773,1,225,4
95,1479,-1.6553442375411,0,72,4
95,537,-0.565079621977788,0,145,3
95,1617,1.13883632718076,1,180,3
95,1738,-1.25187219027242,0,92,3
95,768,0.702382215054273,1,155,3
95,1178,0.502235611151552,1,230,3
95,453,0.283441826526486,0,172,4
95,842,1.14134131322723,0,241,4
95,985,0.528863309083792,0,222,4
96,923,0.358455865782256,0,153,4
96,1845,1.00190249806197,0,175,4
96,756,-1.06530056051161,0,116,5
96,1147,-1.08601747459368,1,86,4
96,589,-0.534078332226163,0,113,4
96,344,-0.263250710970396,0,169,4
96,1590,0.0573882678212095,0,135,3
96,388,-0.839210856468297,0,103,4
96,831,0.394853911798929,1,137,4
96,1299,1.15596414408487,1,256,4
96,640,-0.344733246185987,1,178,4
96,1284,-1.18695666788435,0,68,4
96,1787,-0.14760843991722,0,104,3
96,1315,-0.0107119971998503,1,193,4
96,1726,-1.53515280841302,0,105,4
96,275,0.758773756777843,1,156,4
97,1954,-0.688338474910859,0,120,4
97,832,-0.604481372806703,1,112,4
97,1723,1.04464319190674,1,288,4
97,1598,-0.505184316009266,1,213,3
97,516,-0.0669180761002207,1,234,4
97,1245,-0.0502040433846688,0,161,4
97,1311,1.0357634375501,1,365,4
97,58,0.785073694469791,0,179,3
97,265,0.347221863989668,1,274,3
98,1629,2.33409750928989,1,364,4
98,647,0.386458714681362,0,272,3
98,941,-0.182185501678265,0,150,3
98,1357,1.0787742797866,1,172,4
98,42,0.41212689396314,0,201,3
98,395,1.08378240397986,0,273,3
98,343,-0.214877968364661,1,138,4
98,145,-1.51414012160292,0,60,3
98,785,-1.4029372533481,0,180,4
98,196,0.0792700832082443,1,208,4
99,734,1.50303939441944,1,195,4
99,646,1.42212457350162,1,237,4
99,1759,0.706607277767975,1,198,4
99,786,-1.76753724838501,0,91,3
99,1516,-1.81131253208988,1,74,4
99,414,1.34804919259171,1,318,4
99,29,0.25026074700401,1,198,4
99,1618,0.57973608638019,1,185,3
100,1150,0.354386124687794,1,265,3
100,5,-1.1293351376087,1,171,3
100,1745,-0.737845017697796,1,202,3
100,1254,2.05262547623853,1,258,2
100,1060,1.98362502168542,1,300,3
100,896,0.838675157049749,1,283,3
100,216,3.3595042288521,1,538,3
101,1064,-2.0115865830306,0,95,4
101,1389,0.608761395385673,0,205,4
101,1643,2.86002687649127,1,359,3
101,1072,-2.05653900790019,1,127,4
101,1830,-1.20165112751355,0,100,4
101,728,-0.467473037402081,1,270,4
101,1216,1.21877745985067,1,243,3
101,754,0.0920938027835425,1,171,4
101,877,0.756661338592701,1,156,3
101,23,0.214453812074986,0,145,4
101,1774,-0.169038304966633,1,197,4
102,1641,-0.041691099198279,1,164,4
102,1271,0.11862514760342,0,179,3
102,518,-0.371445668134759,0,121,3
102,25,-0.455396657276001,1,82,4
102,1879,-1.74258809283564,1,105,4
102,1095,0.651160561284718,1,231,4
102,419,-0.398947924788263,1,117,3
102,1237,-0.939715794611676,1,101,4
103,755,0.362718756738628,1,271,4
103,1863,-0.685663308561951,0,222,4
103,1369,1.26959920876769,1,350,3
103,1484,0.0223542452250711,1,282,4
103,1568,2.0205981822292,1,346,3
103,844,0.310906732245321,0,138,4
103,776,1.14108442496178,1,153,3
103,18,2.26085329037137,1,467,4
103,529,-0.4033055713299,1,305,3
103,378,1.26890115292943,1,245,2
103,1360,1.27786068686878,0,243,3
103,1129,-0.130014812421959,0,144,3
103,852,1.47739055634617,1,276,3
103,874,0.35767155124605,0,218,3
103,307,0.872519597073794,1,257,3
103,1533,1.49029673711701,1,272,4
104,606,1.36183814980886,1,266,4
104,789,1.56790805161901,1,254,3
104,490,-1.71201346878806,0,69,5
104,274,-0.511474023112303,1,136,4
104,936,0.169115919441084,0,132,4
104,1535,1.22298851331852,0,167,3
104,179,0.0588143912994032,0,127,4
104,1698,0.314562199092704,1,191,4
104,266,-0.651361541088747,1,110,4
104,1402,0.0766389300996596,0,149,4
104,1238,0.493093195850443,1,193,4
105,1562,0.711061943049814,0,235,3
105,555,-0.260898381437107,0,229,3
105,1589,-0.353502144990447,0,161,3
105,649,-0.393274752589263,1,288,3
105,1126,-0.900645126760748,1,168,4
105,644,0.518093815483581,0,226,2
105,1393,0.667077066868696,1,293,3
105,835,-1.566846767912,1,175,3
105,1934,-0.807678682112543,0,236,3
105,1987,1.74506792183049,1,308,4
105,436,-0.314468741463282,0,244,3
105,272,-0.7987978603608,0,228,3
105,1990,0.579758868788423,0,194,3
105,236,-1.15357602526972,0,152,4
105,1783,0.208947723674135,0,151,3
105,1081,1.0314172530256,1,252,3
106,214,0.404583584360597,1,229,3
106,125,-0.785733389513463,0,160,4
106,1633,-3.05856564427717,0,44,3
106,22,1.00585296943766,1,314,3
106,1642,1.79931564135641,1,250,2
106,915,1.49081529065432,1,333,4
106,1344,-2.13187619367139,0,89,4
106,1367,1.22635546699648,0,218,3
107,1939,-0.221574813240767,0,410,1
107,87,0.218169331250633,1,253,3
107,859,-1.75407714192645,0,216,3
107,744,-1.43037146982969,0,224,2
107,1475,2.84987668030886,1,332,2
107,763,0.393359799865354,0,301,2
108,1368,-1.06265988137564,1,168,4
108,1159,0.827471418463676,1,271,3
108,685,-1.77994597481869,0,100,3
108,1796,-0.377034584818437,0,143,3
108,1128,0.105465080757921,1,169,4
108,1287,-1.07838555834877,1,187,3
108,565,-0.444045133845328,1,142,4
108,1020,-0.526213588142566,1,137,4
108,1307,1.23072186888519,1,239,4
108,1724,0.77684214497292,0,279,4
108,582,-1.00129402723809,0,127,4
108,1737,-0.771699239472412,1,122,3
109,1246,-0.445433171140821,1,185,3
109,1795,-2.19560993212866,0,105,4
109,276,1.46141105660178,1,301,3
109,760,0.98408600502136,1,202,4
109,267,-0.390836400034092,1,192,4
109,121,-0.490185614228111,0,115,4
109,839,-0.0597615920349854,1,150,3
109,1209,0.0286847464895616,0,155,3
109,792,-0.898295306077027,0,130,3
109,259,0.221827036922715,1,124,4
109,187,0.442893429224458,1,137,4
109,1766,1.52902416486958,1,212,4
109,392,-0.589629568816755,0,87,3
109,939,-0.390760835712673,0,113,3
110,424,-0.0975062156088171,0,142,3
110,1524,-0.789069762897117,0,128,4
110,299,1.16426507812314,1,221,3
110,661,-0.657709672051442,0,148,4
110,1241,-1.40803481750425,0,112,3
110,1866,-0.480170905462601,1,188,4
110,96,0.309657522798463,0,147,3
110,975,-1.6350123209013,0,44,4
110,1583,0.0230504151401545,1,175,4
111,534,1.83311874068274,1,318,4
111,1679,0.120875215443752,0,200,4
111,766,-0.523396674353664,1,285,4
111,797,-0.580298415625471,1,134,3
111,1161,-0.375012107103916,0,129,4
111,325,-0.287269932962891,0,127,3
111,1689,0.378863413841804,1,92,3
111,262,-0.707882551294251,0,188,4
111,970,-1.4414500347462,1,98,4
111,1612,0.346727152661809,1,211,3
111,1378,0.721073361457205,1,213,4
111,1550,0.876373863796363,1,221,4
111,118,1.56629481400152,1,273,4
112,193,-0.795357669804523,1,177,4
112,65,1.01875861553076,1,221,4
112,1169,-0.791078522892684,1,163,4
112,1503,1.25726346004458,1,247,3
112,1977,-1.78541931685825,0,100,4
112,1729,1.87156583244519,0,246,3
112,903,0.197710881691825,1,122,4
113,1801,-0.720431429753947,0,122,3
113,604,-0.525686217773195,0,168,3
113,1494,1.16679855693281,1,256,3
113,173,0.688618384692836,1,274,4
113,1199,0.583305377331018,0,198,4
113,423,-0.0529843804727252,0,134,4
113,163,0.0900056009027152,0,281,3
113,294,0.621819203527125,1,202,4
114,1134,-0.0211044887514638,0,130,3
114,195,0.0859499421725182,1,233,4
114,1905,-0.546735915240469,0,103,3
114,469,-0.827742723021048,0,155,4
114,1807,0.866999971286534,1,281,4
114,739,-0.238619636872466,1,117,4
114,7,0.623690451821482,1,144,4
114,955,-1.76102659810498,1,43,4
114,1771,-2.68292072374381,1,42,4
114,451,0.180333012769303,0,201,3
114,895,-0.501621850990687,0,111,4
114,91,0.0294199328861067,1,147,4
114,1921,-0.924391298597758,1,120,4
115,1553,-0.481071338520842,0,180,4
115,44,0.0612467106083418,1,166,4
115,677,0.490548463487743,0,203,2
115,1895,-1.14051452452087,0,136,4
115,1974,1.76436982170003,1,316,3
115,1167,-0.755068796329847,0,154,3
115,631,-1.13061973367258,0,158,4
115,1171,-1.94056002551976,0,66,3
115,1496,-1.65310228470573,0,101,4
115,127,-0.271046780535824,1,160,3
115,476,1.06746023882929,1,327,3
115,1662,-0.568317498127728,1,141,4
115,978,-1.18141119345908,1,173,4
115,1131,-0.98067488738029,0,91,3
115,1885,0.773164358229315,1,232,4
116,1234,1.24557909342531,0,181,4
116,979,-1.70763741693459,0,92,4
116,461,-0.204257014217357,0,139,3
116,1176,-1.83174975936415,0,117,4
116,645,0.783840287490285,1,223,3
116,1560,-0.427959135900086,0,165,2
116,408,-0.534511946974621,0,263,3
116,577,-2.25230065500289,0,89,4
116,340,-0.162327528606878,0,181,3
116,157,-0.151100302067719,0,259,4
116,1899,0.639345425096792,0,186,3
117,873,-0.357327508163202,1,175,4
117,1412,-0.542001346057941,1,138,4
117,471,-1.37885715158389,0,75,3
117,568,0.00311074941465738,0,151,3
117,1415,-0.504368846895364,1,112,4
117,904,1.08146176191306,1,200,4
117,1746,0.485271866161202,1,151,3
117,1337,1.18728991902353,1,239,4
118,608,1.0359588432374,1,307,3
118,1624,-0.47208359721245,0,222,4
118,1735,0.171247753112393,0,224,3
118,142,-0.491506368210549,1,276,2
118,327,-0.726234381187821,0,159,3
118,1950,0.402397484155757,1,269,3
118,39,0.617436417196375,1,328,3
118,530,-1.40963029509204,1,190,3
118,206,0.83173071860646,1,317,4
118,1644,0.435594683071752,1,220,3
118,1366,-1.61246587831502,0,108,4
118,751,0.0155903489370332,1,185,4
118,4,0.730986819609869,1,168,3
118,1428,-2.22352368479307,0,74,4
118,807,-0.674020710061524,0,137,3
119,230,-0.875192767753978,0,153,3
119,1903,1.09012953048576,1,270,3
119,335,1.13003619607758,1,287,3
119,1206,-0.760009952464724,0,214,4
119,1881,0.508967325706186,0,236,2
119,808,-0.94633168055705,0,109,3
119,1039,0.299861761222946,1,316,3
119,1887,0.863678148133142,1,297,4
119,773,-0.0560279279254175,0,163,2
119,1541,-0.250763585639864,0,295,3
119,1540,-2.25990217688133,0,132,4
119,1876,-0.411521872139561,0,301,3
119,68,-2.03974357468973,0,164,4
119,389,-0.319236463080437,0,176,3
120,1949,-1.51714663558802,0,102,4
120,657,0.245533284223104,1,205,3
120,1750,-0.082282135559098,1,202,3
120,1013,-1.35418739062865,1,164,4
120,483,0.365512603056453,0,179,3
120,953,0.67124497201922,1,177,3
121,1889,-0.46149631843888,1,134,4
121,1029,0.250554134139744,1,231,3
121,982,-0.443774316991891,1,174,3
121,1343,0.916410721967493,1,121,4
121,468,-0.485801494405125,0,144,4
121,1933,0.587404900855719,1,226,4
121,9,0.82493949566866,1,222,4
121,720,-0.182926762641482,1,152,3
121,1388,0.555434584800666,1,247,4
121,1101,0.203808620522527,1,247,3
121,774,-0.155366328073661,0,142,3
121,493,0.0435811364883701,1,222,4
122,1483,1.60551945331397,1,254,4
122,1083,-0.303651241874171,0,187,3
122,659,-0.828877153538297,0,140,3
122,1061,-0.431502312564975,0,181,4
122,1907,-0.79947815854589,0,142,3
122,149,1.60488296892449,1,236,3
122,1608,-1.73984617669389,0,94,4
122,999,-0.159096315546574,0,208,4
122,1938,1.48043818452163,1,248,3
122,1137,-1.6791364334093,0,128,3
122,444,-0.2259644429576,1,146,4
122,1645,0.984092032937856,1,264,4
122,63,-2.14295187118279,0,46,4
122,1688,0.385062998939439,0,171,4
122,1288,2.55086877318921,1,226,3
122,1652,-0.509745325070826,0,133,3
122,270,-0.622107549541036,0,172,4
123,1865,-0.921084836060723,0,259,2
123,120,1.05956878755712,0,322,1
123,1314,-0.238396559587458,0,238,3
123,1063,2.26373334620864,0,410,1
123,1285,-0.904239118226421,0,245,1
123,412,1.44952806363408,0,355,1
123,1459,0.720986452609734,0,336,1
124,1518,0.563378411034347,0,188,4
124,633,-0.414638577443652,1,164,4
124,730,0.782470486439723,1,148,4
124,995,-0.338007359369323,0,129,4
124,639,0.483040622057239,1,148,4
124,1602,-0.0461213226870851,0,177,4
124,1399,0.676517796220077,1,195,4
124,1012,-0.600576016888611,1,141,4
124,1425,0.107465575693211,0,153,4
124,1663,1.38013960615314,1,273,3
124,434,0.83228053557959,1,228,4
125,782,-1.35775222979165,1,124,4
125,742,-1.09473642569177,0,93,4
125,1777,0.23538945465955,0,138,3
125,1546,-0.0471459948546342,0,223,3
125,800,-0.444034909590175,0,168,3
125,103,-0.920889244912257,0,118,4
125,1684,0.293634124150008,0,212,4
126,362,0.581672955498157,1,327,4
126,920,-0.864836430208061,0,131,4
126,1411,-0.841063046764136,1,135,4
126,1806,0.668278252217132,1,234,4
126,1067,0.192892457477,1,119,4
126,767,-1.85364359014402,1,83,4
126,1423,-0.205771744582624,0,152,4
126,676,-0.988373574570001,0,187,4
126,1902,-1.74100388310737,0,78,4
126,491,-0.479988153170478,0,149,4
127,1628,0.588955755209276,0,219,3
127,1962,-0.0110537769251932,1,421,3
127,976,-0.727877586824693,0,293,2
127,863,1.00134812640186,1,363,3
127,311,-0.111607085002775,0,293,2
127,752,-0.168077673502428,0,228,2
127,59,0.58230809691033,0,300,4
127,610,-0.613291598449694,0,183,2
127,803,0.553256160856401,1,409,2
127,143,1.19246469087805,1,276,3
127,928,-0.732941610742165,1,227,2
128,726,-1.53326130995918,0,100,4
128,1186,0.74064236750161,1,174,4
128,1385,0.824620258869249,0,143,3
128,285,1.65276776405458,1,284,4
128,1116,0.0110867401086546,1,163,3
128,45,1.27349530552308,0,204,4
128,1317,0.421834176512719,1,222,4
128,1906,-0.30861405234586,1,120,4
129,420,-0.545927477355067,1,233,2
129,1269,-0.114870327449112,0,256,4
129,1997,0.202725092001869,1,301,4
129,586,-0.0086573304855419,1,167,3
129,1651,-2.47776622980035,0,127,4
129,519,-2.45255059419954,0,81,3
129,448,-0.808970946180152,0,155,3
129,722,-1.37020734728213,0,163,4
129,1187,-0.0915734974958924,0,223,3
129,1066,-1.96084072277808,0,151,4
129,176,1.31754973429856,0,231,2
129,552,-1.25259875178639,0,118,3
129,152,-0.182361891291297,0,276,2
129,1704,0.626660974481746,1,275,3
129,1504,-1.2602093901941,0,241,3
130,1557,0.856813693736867,1,297,2
130,638,0.870215972718513,0,243,2
130,139,0.41394517766372,1,150,3
130,357,-0.138149558511629,0,109,2
130,867,0.0548983035424876,1,266,2
130,972,0.536757841642392,1,370,3
130,1049,0.0475243917434948,0,167,4
130,927,-1.12784948274878,0,211,3
130,1118,-0.109362752726425,0,180,2
130,1264,0.263092572860179,1,246,2
130,791,0.848057558852179,0,310,2
131,188,-0.529554950696909,0,147,3
131,301,0.476576140144655,1,175,4
131,1526,0.588688136548389,0,151,3
131,564,0.364251066491782,1,255,4
131,991,-0.539037497810183,1,171,3
131,1909,-1.09237555400532,0,90,4
131,1558,0.485010129182041,0,182,3
131,1711,0.27402773482722,0,197,4
131,778,-0.563721222841974,0,118,3
131,1852,-1.0489176606708,1,154,3
131,1377,0.621725124135006,1,280,3
132,390,-0.0385827579528888,0,215,3
132,1625,0.94130226316421,1,278,2
132,1856,1.30193194154097,1,215,4
132,1691,1.10056075605811,1,230,3
132,1538,0.700876120229297,0,251,3
132,1105,0.170299656491688,1,238,3
132,30,-1.06473968933811,1,153,4
132,295,-0.921299724055498,0,162,3
133,1838,-0.825112023222091,0,164,4
133,1204,0.558711752610947,0,231,3
133,796,0.46751165786678,0,159,3
133,182,-0.0070201132578826,0,195,4
133,692,-1.45125711429559,0,89,3
134,1638,-0.23966237856161,0,125,4
134,952,0.0836477149957028,0,164,3
134,1740,-0.977352572157408,0,109,3
134,1173,1.33794046051482,1,216,3
134,919,-0.481841638990534,0,109,3
134,1004,0.0367134462977181,1,131,4
134,1814,0.43915643016464,0,261,4
134,994,-1.2260283931074,0,151,4
134,1692,1.35664764083457,1,155,3
134,421,-0.0902163797887768,0,146,3
134,1281,0.713511367468055,1,183,4
134,1585,0.669407227723632,1,208,3
134,1908,0.618694301544966,0,164,3
135,437,-0.469545993194057,1,131,4
135,1192,-0.264539536836017,0,174,3
135,1790,1.24553252767413,1,254,4
135,308,0.842198745066055,0,231,3
135,1714,-1.3893805525726,0,85,3
135,1606,0.475451535429207,0,157,4
135,1970,1.66467187148624,1,259,3
135,1336,-0.688684627845574,0,135,4
135,784,-0.109392315089032,1,225,4
135,1658,-0.883403413613341,0,103,4
136,1825,-1.24910261347291,0,170,4
136,1996,1.29004500251877,1,391,4
136,648,0.549194404838249,0,226,2
136,1239,0.0741194302536569,0,179,4
136,1561,-0.0827556501152261,0,204,4
136,1713,0.267475186491907,0,281,3
136,811,-0.829393876325956,1,178,3
136,1512,-0.898371294888758,0,92,2
136,302,0.51436578939091,0,220,3
136,447,-0.415597551901728,0,164,3
136,833,-2.46433843635114,0,102,3
137,130,0.173012517050373,0,248,4
137,1196,-0.262565842953755,0,145,3
137,1273,1.18099613482589,1,258,3
137,502,2.50573009609538,1,325,4
137,823,-0.736590328617243,1,180,4
137,297,0.272132730415625,1,302,2
137,1965,-0.432901894724262,0,151,3
137,1221,-2.15941085216875,0,104,4
137,1719,1.81972748369246,1,355,3
137,1261,-0.65703978459282,1,196,4
138,701,-0.415015163072371,0,257,3
138,57,1.36260656033307,1,250,3
138,857,-0.589168219906409,0,171,3
138,862,-0.822824864821564,0,139,2
138,467,-0.265096045480097,1,237,4
138,1139,-2.01233109483753,0,66,4
138,707,1.20792633709344,1,367,4
138,1212,-0.950528283962484,1,168,4
138,61,-1.37229478084303,0,129,4
138,99,-1.07878871098893,0,149,3
138,1599,1.20161941922114,1,338,3
139,19,-0.161325409737561,0,136,2
139,12,0.797527076755381,0,185,3
139,1935,0.45262296407398,1,180,4
139,1227,-0.636645716075174,0,148,4
139,1530,-1.76024640127726,0,113,3
139,1135,-0.877979011922765,0,72,3
139,584,-0.189451253385738,0,110,4
139,1626,-0.881194618147887,0,112,4
139,989,-0.754938153783102,0,120,4
140,601,0.457302073732652,0,175,4
140,1410,-1.51333316556593,0,83,3
140,1119,-1.38711678003268,0,83,4
140,1731,-1.95571926389547,0,70,4
140,736,0.306091477023248,1,178,4
140,1571,0.756537432853635,1,228,3
140,1470,1.15965217891864,1,183,3
140,1834,-0.782490712072103,0,93,4
140,1236,0.0308812794341709,1,179,4
140,1888,-1.60712188198398,0,78,3
140,342,-0.774346526129813,1,68,4
140,1886,-1.05959921393121,1,78,4
140,1991,1.62474162248874,1,327,4
140,1395,0.00160025580321558,0,229,3
140,1486,-0.0389395926605855,1,115,4
140,1930,0.842746814640749,1,179,4
141,1849,-0.165628957424077,1,171,4
141,1417,-0.597064423990759,0,132,3
141,531,0.16578582989483,1,182,3
141,1442,0.8302247148725,1,321,3
141,1994,-0.743935721510088,0,152,3
141,147,-0.731451903150185,0,178,4
142,1739,-0.580179629606044,0,221,3
142,721,-0.310878145576162,1,191,4
142,570,0.949299200667609,0,158,3
142,788,0.40096559849421,1,233,4
142,1634,0.294077054147309,0,260,3
143,1655,-1.90935111715572,0,73,3
143,1862,-0.458912118831948,1,181,4
143,1827,0.252603630773927,1,230,4
143,1203,-0.0946568909057518,0,194,4
143,1065,2.22226557541292,1,395,3
143,1555,1.05389364673204,1,187,3
143,1310,-0.541169355274569,1,187,4
144,1426,-0.449313496400239,1,142,4
144,1391,0.697380446983526,1,142,4
144,462,0.0684154449257469,1,255,4
144,571,0.306726019587753,1,156,4
144,320,1.65526809987776,1,346,4
144,1021,-0.857277779726787,0,77,4
144,1596,0.0679345003774624,0,240,3
145,202,-0.363405418974705,1,166,4
145,1520,-0.948807424174267,1,164,4
145,86,0.367174942962046,1,215,3
145,1912,0.478274988239535,1,279,3
145,1676,-0.332096339729459,0,240,3
145,1008,1.33353279972331,1,241,3
145,603,0.435274926894384,0,153,3
145,425,0.944663643954039,1,279,3
145,1649,1.23339043225814,0,219,3
145,578,0.3077240117328,1,176,3
146,997,0.385194513641382,1,172,4
146,229,-0.539063371476573,0,131,4
146,1660,-0.802482112691087,0,165,4
146,1800,-0.26961562922774,1,205,4
146,371,-1.22254915712934,1,144,4
146,1222,0.521106376112871,1,163,4
146,454,0.275349338777144,1,186,3
146,1205,-0.601799454894938,0,192,3
147,514,-0.567646436683001,0,137,4
147,1319,0.803161311529717,1,223,4
147,1302,0.0820545666778601,0,139,3
147,597,-0.936866526028649,0,149,4
147,544,1.07364143456549,1,233,3
147,1084,-0.800170360067588,0,169,3
147,956,0.931789648358807,1,220,3
147,1973,-1.3384397184054,0,141,3
147,84,-0.415114157654829,1,171,4
147,1419,0.471555215156187,1,301,4
147,211,-0.75677477892197,1,167,3
147,1447,0.117374264253432,1,101,3
147,1477,-1.04376648529085,0,137,3
147,1148,0.264956904178111,1,172,4
148,383,1.45676401495912,1,284,3
148,62,-0.358959798164431,1,192,3
148,129,-1.22112939522182,0,94,3
148,1157,-0.359429517687927,1,225,4
148,1322,-0.0701909010829557,0,160,4
148,1924,0.452697730710445,0,202,4
148,159,-0.67539786221485,1,80,4
148,942,0.783777027095158,1,287,4
148,1677,0.115573608554956,1,205,4
148,583,-0.467182558908951,0,159,4
148,1592,-0.453289517580245,0,150,4
149,702,0.292431272673331,1,199,3
149,231,0.0484607911829952,1,325,3
149,1104,-0.173910414136874,1,156,4
149,1753,1.1847347831938,0,233,3
149,141,0.771376860617402,1,243,4
149,334,0.692483902761747,0,203,3
149,1816,0.875307472430589,1,377,3
149,219,-1.65318612764491,0,93,4
149,1404,-0.434243824225217,0,209,4
149,698,-0.0152977861198494,0,165,4
150,559,1.60708265876632,1,290,3
150,567,-0.431338810407108,1,238,4
150,174,1.11018163535195,1,197,3
150,1028,1.53378506018271,1,228,4
150,1086,-0.289284656183591,1,279,4
150,1485,-0.624706385883644,0,100,4
150,1775,-0.013926133699687,0,82,3
150,41,-2.39109220197646,1,68,4
151,1877,0.966679426693336,1,171,4
151,380,0.788054483093339,1,262,4
151,969,-1.16832798637835,0,98,3
151,1327,-1.05709213775977,0,108,4
151,587,0.522017440151063,1,192,4
151,1564,2.2261598723044,1,325,4
151,117,0.655053235817055,0,182,3
151,289,-0.781027464665331,0,156,4
151,403,-0.276185124367274,0,160,4
151,189,-1.02540403642616,0,117,4
152,1433,-0.0740526450637257,0,166,3
152,1958,-1.07657217660231,0,153,4
152,256,-0.677307925006253,0,150,4
152,959,-1.25624819797602,0,117,4
152,1593,-0.165572110543241,0,205,3
152,155,-1.0309250941599,0,199,4
152,937,-0.914226664278,0,128,4
153,1277,-0.600310024998536,1,120,3
153,194,0.485854400186064,0,219,3
153,1506,1.47312135355713,0,207,2
153,64,1.19063847055223,1,303,4
153,1250,-1.63570617649169,1,91,4
153,1471,-0.307159797215915,0,242,2
153,102,0.428695400493883,1,238,4
153,1815,-0.15614947264762,1,148,3
153,244,1.62114822876087,1,226,3
153,1018,-1.48587844543653,0,116,3
153,1436,0.628122592958016,1,260,4
154,1937,-0.478166816111474,0,83,5
154,1600,0.569553616737368,1,155,5
154,1653,-0.502095816051518,0,125,4
154,830,-0.936176412544005,0,112,4
154,1450,-0.498700286755306,0,109,4
154,1127,-1.39725982765206,0,82,4
154,817,-0.339662761121411,1,223,4
154,1810,0.626974028513562,1,218,4
154,740,0.473142860092014,0,171,4
154,1070,-2.01282694854912,0,63,3
154,1853,1.55470871012204,0,287,4
155,1,-0.10261599426085,1,176,4
155,1551,0.890927177621185,0,120,4
155,1741,-1.49673157788842,0,82,3
155,241,0.447973229854716,0,225,3
155,651,0.827802670290784,1,243,4
155,1960,-0.116640835230127,1,159,3
155,1798,-1.64377673413472,1,92,4
155,551,1.74432034140501,1,256,3
155,1289,-0.297783458997159,0,298,4
155,391,0.613730137048627,1,161,4
155,336,0.890184737744947,1,247,4
156,405,0.880315473151886,1,243,4
156,1489,-0.979961634634853,0,140,4
156,330,0.187956687545714,0,262,3
156,314,-0.239453738556169,0,237,3
156,581,-1.6045901220851,0,97,3
156,1406,0.381680427267513,1,253,4
156,1200,-1.75356587319795,0,95,3
156,1945,-0.0730064841018708,0,126,4
156,279,-1.27941418134408,0,111,4
156,573,-1.39560966342953,0,83,3
156,366,-2.26787584581846,0,75,3
156,170,0.599362332109935,0,216,2
156,569,0.652558015049577,1,265,4
156,522,-0.795964576213066,0,117,4
156,1721,-1.00457161492957,0,168,4
156,1492,-0.945545909288819,0,168,4
157,1666,-0.278991561172165,1,145,4
157,891,-0.0948339244854857,0,162,3
157,296,-2.31329266289215,0,53,4
157,1045,0.493595341583604,0,245,3
157,1956,1.62970551061224,1,237,3
157,1754,0.930299006480186,1,287,3
157,1701,-0.451773168631573,0,132,4
157,1993,0.148547310389054,1,189,4
157,1170,-0.324858391655705,0,184,4
157,463,0.725082591577882,1,181,4
157,1006,-0.291572523445561,1,194,3
157,438,1.48090349668948,1,277,3
158,1722,0.927276704331478,1,178,3
158,1185,-0.20425785639406,1,204,4
158,397,-1.60441528173294,1,91,4
158,1219,-0.529601296378083,1,106,4
158,1022,-0.419776521732122,1,94,4
158,798,1.01453337631625,1,216,3
158,967,-1.50806472068133,0,81,3
158,1835,1.23134673812795,1,239,3
159,925,0.350425831870568,1,299,3
159,473,-0.76485367388475,0,132,4
159,255,-1.49310315137105,0,124,4
159,637,-0.743749175358834,0,160,3
159,543,-0.126940237776544,0,149,3
159,717,-1.42268352483336,0,104,3
159,1678,0.455069382989832,1,291,3
159,1142,1.26756402885709,1,159,4
159,636,0.03662134993785,1,172,4
159,215,-0.253596082089521,0,283,3
159,770,0.309541063487248,1,242,3
159,656,2.34561215468755,1,248,4
159,387,-0.019134517762259,1,139,4
160,715,0.491063541732815,1,196,3
160,1565,0.00750452369458997,0,205,3
160,208,0.345727779931923,1,168,4
160,664,0.504059722257944,1,149,4
160,809,-0.55601592371118,0,135,4
160,223,0.171577933215245,0,176,4
160,426,0.584794904114244,1,191,3
160,599,-0.0948707540291237,1,134,4
160,46,0.078457073853407,1,218,3
160,533,-0.147912543616863,0,105,3
160,1048,0.160364977069363,0,179,4
161,958,0.666632851538283,1,202,4
161,374,-1.90042973731888,0,87,4
161,525,-2.21105424300804,0,50,4
161,432,0.999461655062456,1,312,4
161,228,0.200228099251006,1,150,4
161,868,-0.0321945577699918,0,165,2
161,1309,0.907978437846896,1,192,3
161,1370,-2.57220740862889,0,39,4
161,1697,0.616611121116954,1,258,4
161,1446,-0.245228616980345,1,238,4
161,595,1.03028236690329,0,161,4
161,897,0.186251532913192,1,182,4
162,1306,0.615977244416895,1,242,4
162,95,-0.927347110144179,0,132,3
162,261,-0.795896863226251,0,236,3
162,443,-0.910718755986524,0,191,3
162,396,-0.639680203749183,0,165,3
162,1414,0.99434496908259,1,170,3
162,869,0.291183040149718,1,190,3
162,579,0.191932704363037,1,287,4
162,1154,-1.44871876906497,0,107,3
162,1292,-0.561021460793783,1,218,4
162,1014,-2.77603986047336,0,45,3
162,1304,0.805262243283612,1,213,2
162,100,-0.198793254366763,1,219,3
162,611,-0.478474381886128,1,255,3
162,1358,0.105934856350171,0,145,3
163,417,-0.694049408910495,0,193,3
163,1396,0.802031877859532,0,193,2
163,1922,1.62015035332922,0,252,2
163,1794,-0.470303438464949,0,249,3
163,1631,1.59106910252853,1,394,3
164,1992,-0.561891927731762,0,124,5
164,1975,-1.82561096004784,0,90,4
164,1332,-0.720988162794613,0,197,3
164,199,0.948311860467845,1,286,4
164,74,1.85942647452511,1,322,3
164,1390,-0.668665579806749,1,85,4
164,247,-1.84036600160682,0,110,4
164,930,-1.16849170032234,0,145,4
165,1554,0.658121670898851,1,265,4
165,866,-1.11004549740203,0,139,4
165,1193,-1.25435221647753,0,149,4
165,291,0.0886984063336825,0,162,3
166,870,-0.0423004881373391,0,128,2
166,1843,0.407868659408048,0,353,3
166,1709,1.18491942901394,1,218,4
166,1882,0.475070583823398,1,185,4
166,1230,-0.628895597349503,1,134,4
166,3,-0.847445332663348,0,133,4
166,367,-1.85399057224256,0,98,3
166,1573,-0.0560500041721429,0,168,4
166,1734,-2.02873107767191,0,103,4
166,348,1.15359535629665,1,307,2
166,889,0.310664766977019,1,230,4
167,1190,0.64347504377141,1,371,3
167,703,-1.59071302702368,0,164,3
167,1532,-1.69199245139937,0,223,4
167,1904,-1.28517774973349,0,251,3
167,1837,0.133408095645129,1,229,3
167,1548,0.151464032889456,0,300,3
167,81,0.257386478064194,0,283,2
167,1525,0.461978207120111,0,254,2
167,712,-1.02081184485731,0,155,2
167,494,0.556467335016162,0,303,3
168,669,-0.114881597449892,0,193,4
168,347,0.633309421182777,1,261,4
168,1247,-0.899388374222772,0,104,4
168,1983,-1.83429027303321,0,77,3
168,115,0.668906668619061,0,173,4
168,757,-0.797487384897806,0,220,4
168,150,-0.722517033079237,0,133,4
168,1686,0.581624087672669,0,221,3
168,1549,-0.791447329336118,1,191,4
168,513,0.0128557666593058,1,242,4
168,190,-1.31103401565857,0,217,4
168,963,0.140605642406903,0,180,3
168,858,0.291730550088521,1,175,3
169,1180,-0.248032840368885,0,140,3
169,1797,-1.66451675502954,0,169,4
169,181,-0.687457070419828,0,133,3
169,695,-0.404025382073002,0,118,2
169,635,0.880307860849043,1,269,3
169,1260,-1.36123523881105,1,129,3
169,474,0.0885326784819498,1,212,4
169,460,0.811243984340176,1,275,4
169,834,0.691159194465414,0,225,3
170,323,-0.490583873609401,0,197,4
170,805,-0.523517676482211,0,197,4
170,1297,0.829849510992081,1,251,4
170,1026,-0.595095298314548,0,169,4
170,1842,0.113742309727436,0,227,4
170,1155,0.325451036708862,1,262,4
170,1172,-0.139808016491951,1,179,4
170,161,-0.656626125163776,0,120,3
171,598,-1.1672394094887,1,132,4
171,1198,0.450926310873002,0,152,4
171,210,0.244581946665403,1,153,4
171,916,0.286719540493762,1,174,3
171,1732,1.68354461351092,1,286,4
171,986,0.460830320463764,1,176,4
171,893,-0.494054986140333,0,192,4
171,1829,-0.346335567032256,0,228,3
171,887,-0.992733252639175,0,119,3
172,375,1.05543921169762,1,373,3
172,1320,0.0105511629562813,1,221,4
172,1016,0.469502341915325,0,245,3
172,554,-0.742063056924996,1,231,3
172,168,0.658759295948919,0,247,3
172,51,0.384556432652461,0,270,2
172,1901,-1.02647618094696,0,147,4
172,1890,0.560133710011187,0,237,3
172,251,0.875277908148127,0,213,3
172,116,-1.19887199539667,0,171,3
172,1218,1.19875933381763,0,238,3
172,2000,-1.34487808943853,0,153,2
172,106,-0.425239767314421,0,197,3
172,1812,-0.166427676714762,0,196,3
172,1986,-0.646029786253334,0,173,3
173,1078,0.407652608844643,1,291,3
173,1547,-1.18485622474582,0,151,3
173,217,-0.288772092182922,0,171,2
173,1969,1.65698368868774,1,262,3
173,1235,1.0075510387015,0,225,3
173,902,-0.921261817383045,0,209,3
173,1918,2.20766817745143,1,290,3
173,710,1.23290815294907,0,184,2
174,737,-0.0136638022607296,1,143,4
174,1833,1.76551739226382,1,296,4
174,1400,-0.307843733805362,1,282,3
174,431,-0.33342915511883,1,147,4
174,1224,-1.60050097701728,0,108,4
174,921,-1.59811764692083,0,168,4
174,1231,-0.150469499535146,0,222,3
174,1283,2.06730201105222,1,279,4
174,977,1.59602418382977,1,222,4
174,949,1.06031651644699,1,311,4
174,1580,-0.448183901577203,0,126,4
175,430,0.156395978251482,0,145,4
175,1318,-2.83293763766524,0,34,4
175,1011,-0.266009652982543,1,192,4
175,363,-0.242792206774005,1,193,4
175,1515,0.977795049904347,1,211,4
175,1640,0.801542174004562,0,247,4
175,1985,0.963441381596762,1,189,3
175,693,0.714126256176618,1,180,3
175,393,-0.529324025568591,0,116,3
175,1405,0.839452072010953,1,192,4
176,1093,-0.345479103960914,0,105,3
176,1544,-0.231435418331836,0,89,3
176,520,-0.16385530130212,0,198,4
176,171,-0.960542690127606,0,164,3
176,1373,-1.0759112998282,0,90,4
176,743,-0.706954573316836,1,204,3
176,723,-1.47322242366981,0,81,4
177,1120,-0.057320268146773,1,117,4
177,747,-0.58111309294748,0,158,3
177,271,0.316217011012283,0,232,4
177,1279,-0.506694094410444,0,137,4
177,892,1.18683277172189,1,287,4
177,1820,-0.943566393953622,0,144,4
177,1572,-0.182958913373941,0,122,4
177,1875,0.208555680931466,1,144,4
177,1102,-0.147027505702954,1,144,3
177,1143,0.328274129467199,0,164,3
177,1964,0.227724461838619,0,173,4
177,1111,-1.96408865365093,0,94,4
177,816,-1.78502515795673,1,80,4
178,1725,1.49284723803051,1,281,3
178,592,-0.582568147565302,1,150,3
178,1051,-0.362121668177479,0,151,3
178,872,-0.789835020516862,0,137,3
178,588,-0.107638806222956,1,197,3
178,43,-0.987233504148958,0,121,3
178,1100,0.146146571883588,0,163,2
178,439,2.54160646822803,1,332,4
178,1179,0.942843184584532,1,237,3
178,101,-0.840804689665227,0,119,3
179,1802,-0.993865371624141,0,67,3
179,16,-0.273417387216979,0,148,4
179,1614,0.389648613518955,1,174,4
179,1210,0.11179636687051,0,170,3
179,123,0.829361770398744,1,300,3
179,1788,-0.27827388301955,1,156,4
179,197,1.04112787563227,0,202,3
179,359,-0.508508047375382,1,158,4
180,1032,-0.388607002434602,0,131,3
180,1509,1.46100988259393,1,438,2
180,1002,1.04707222578059,1,170,4
180,1832,-2.2067270183233,0,127,2
180,28,-0.181506630647255,0,143,4
180,1394,-0.0542251374420253,0,229,2
180,233,0.335435911212691,1,250,4
180,642,1.39771105193895,1,306,3
180,1441,-0.704905985948516,0,237,3
180,1223,-0.36127962367882,0,186,3
181,1214,-1.54625265679199,1,167,4
181,1619,-0.0339403969635371,0,208,4
181,1467,0.959243277051726,1,319,4
181,1574,-2.78225341251587,0,65,4
181,1784,0.418270496993487,1,221,4
181,884,-1.72121904347794,1,102,4
181,15,0.0161068678283555,0,205,4
181,345,-0.927052320183182,0,130,4
181,409,-0.366547315657769,1,237,3
182,1936,0.987515563883881,1,359,4
182,268,-0.724835898276888,0,116,3
182,166,0.672350347843954,1,231,3
182,1232,0.874421754400462,1,218,3
182,845,-1.97987943513304,0,131,3
182,1074,-0.0885494941754059,0,211,3
183,506,-0.839540417072258,0,173,3
183,1162,1.57048690741769,1,482,2
183,1522,0.374292478184589,0,258,2
183,1251,-0.689565791589559,0,187,4
183,240,-0.545190747132658,1,178,3
184,1036,-1.99254117187341,0,73,3
184,496,0.776034013439145,0,179,4
184,802,-0.721265823339104,0,120,4
184,411,-0.512561922670693,0,280,3
184,1244,-0.137694264935229,0,169,4
184,466,2.18810565690322,1,266,4
184,713,1.45242587018263,1,290,3
184,654,0.0528812981601314,1,259,4
184,1340,0.107404143918376,0,147,4
184,1668,-0.412569838020742,1,197,3
184,1359,-0.663235216840169,0,141,3
184,799,2.49837219202557,1,320,3
184,1943,-0.102800204016017,0,267,3
184,1316,-1.1066692409989,0,136,4
185,1362,-1.39196879583082,1,116,4
185,1920,-1.07132115533698,0,187,4
185,402,1.26908882241775,1,220,3
185,1434,-1.54506147581165,1,112,4
185,1044,-0.908262284745324,0,81,3
185,1900,-0.136445981632412,1,135,4
185,1857,-0.053117182889808,1,199,3
185,641,0.484012700284569,1,184,3
185,609,0.489156974944832,1,191,3
185,429,0.048110380061257,0,206,3
185,1664,0.286474109790605,1,167,3
185,1068,-1.83290447429183,0,60,3
185,1605,-0.116747700365851,1,195,3
185,667,-1.42989297144909,0,128,4
185,1878,-0.764288686757796,0,161,4
186,841,1.58264014664308,0,232,4
186,563,1.533386103565,1,334,4
186,679,0.656845500923683,1,245,4
186,1672,0.503176724103477,1,260,4
186,1207,0.240551608081387,0,176,4
186,1282,-0.214499737446071,0,91,4
186,264,1.40613669904277,1,347,4
186,245,0.739035752241154,1,254,3
186,1517,1.09307169488375,0,206,4
186,1868,0.251086784434813,1,155,3
186,521,0.567980320980252,1,275,4
186,1758,-0.888459205482715,0,114,4
186,218,1.30633212469679,1,426,3
186,708,-1.25168428575957,0,93,4
187,1670,0.0311765489632468,1,211,4
187,860,-0.545700785120537,0,165,4
187,546,2.36747315340867,1,266,3
187,634,1.56632008427498,1,208,4
187,1613,-0.306193638941141,0,186,4
187,1791,0.92348736432944,1,268,4
187,1749,2.11719968237253,1,273,4
187,1700,-0.413458209714236,0,156,4
187,1941,0.724096258483211,1,213,4
187,596,0.62944927152955,0,200,4
188,109,1.25399493521642,1,265,3
188,134,0.73499245435,1,332,3
188,729,-1.29476552842027,0,157,3
188,458,0.988359558909997,1,224,3
188,1354,-0.0715843513937389,0,148,3
188,962,1.45190113280243,1,343,4
188,1931,2.08870033019929,1,274,4
188,66,-2.30728456251051,0,100,3
188,487,-0.361989027006364,1,255,3
188,401,0.129363338808867,1,252,4
188,1141,0.494271801822082,1,254,3
188,1138,1.13563630710976,1,207,3
189,705,-0.0441447342008381,1,222,3
189,1372,-0.768259441898405,0,155,3
189,549,-1.79418531403681,0,140,3
189,825,0.434094017899794,0,201,3
189,365,-0.288538581435769,1,229,4
189,1699,-1.775161708671,1,101,3
189,221,0.584110373809019,1,271,3
190,1364,0.0465020492946549,0,202,3
190,781,-0.672196294306884,1,156,4
190,1808,2.93417907804929,1,483,3
190,1149,0.341959462336372,1,153,3
190,281,-1.27242677649022,0,77,4
190,184,-1.90969287674267,0,127,4
190,1793,-0.404266421584196,0,148,4
190,912,-0.834649064099897,0,98,3
190,1756,-0.155751518865071,1,124,4
191,1636,1.3345098623446,0,227,3
191,1448,-2.78398578137938,0,57,4
191,1177,-0.699651530215279,0,154,2
191,153,1.97517981835075,1,335,3
191,1030,0.984291503283413,0,243,2
191,1305,-0.938266582157433,0,183,3
191,507,1.44795768325896,1,285,3
191,133,-0.150964613665558,1,225,4
191,628,-0.306756748040478,0,174,3
191,1534,0.608218512593526,0,289,2
192,177,0.96999359923094,0,225,3
192,1220,0.0274387363068668,1,258,3
192,801,-1.24840382347299,0,122,3
192,1772,0.0502879611128729,1,215,4
192,82,-0.660073844163228,0,204,3
192,1491,-0.811734936462467,0,83,4
192,745,0.713155214438726,0,258,2
192,1174,-0.914425236788342,0,148,3
192,351,0.740212273134921,1,348,3
192,1158,0.892391238777133,1,329,3
192,1301,-1.31817288527993,0,143,3
192,1069,0.248452759200829,0,247,2
193,140,1.11876675410205,1,248,3
193,847,1.58198077583336,1,360,2
193,780,0.729805223295965,1,123,4
193,850,0.479742579667942,1,182,3
193,504,-0.962695574927998,0,102,3
193,987,0.708825797288378,1,275,4
193,1409,1.59380915840396,0,261,3
193,1007,0.467035545462822,0,216,3
193,313,0.962292971213382,1,310,4
193,135,-0.710240493568828,0,128,3
193,1329,0.0616052310792976,1,230,4
193,1545,-0.101867820971851,0,179,4
193,1521,-0.352078636214305,1,162,3
193,332,0.938697712892709,0,270,3
193,316,0.340072123494094,1,228,3
194,317,-1.83951727946904,0,126,4
194,822,-0.273548324046469,0,134,3
194,1971,-1.63224609144498,0,90,3
194,1457,-0.660490434073022,0,187,3
194,1482,0.822653545327098,0,165,3
194,104,0.218237261660296,1,266,4
194,1107,-1.20928623037876,0,155,4
194,1365,1.33656533311644,1,175,3
194,455,1.47420498120634,1,319,3
194,1604,-0.0441046544333458,1,167,3
194,1091,-0.746761159204151,0,125,3
194,475,0.888015991149086,0,260,3
195,1693,-0.0785731944531176,0,194,3
195,545,0.502836382915658,0,298,1
195,499,-0.0695716671532497,0,248,2
195,980,1.8935838258994,1,440,2
195,621,1.08319132448883,0,217,2
195,465,0.326927341041713,1,207,3
195,558,0.381630110507971,1,398,2
195,167,-0.244041365983032,0,237,2
195,878,-1.77890145887449,0,258,2
195,352,-0.630622113893484,1,174,2
196,382,-0.943802669222938,1,132,4
196,356,-0.00952473477186462,0,158,3
196,1770,-0.148838587036777,0,192,3
196,1386,0.509687386687541,0,208,3
196,1165,-0.826656865874147,0,178,3
196,909,-0.0914598443125669,1,192,4
196,1481,-1.56710337328951,0,73,3
196,1376,0.0760341130072143,0,115,3
196,974,-0.0757461966873902,0,144,3
196,333,-0.093342380387722,0,166,3
196,172,-0.730988769330289,1,112,4
197,1586,0.407114899594901,1,207,4
197,613,0.496739017765223,1,219,4
197,1168,-2.02513277934298,0,67,4
197,445,0.832225029296573,0,164,4
198,922,0.261064735746399,0,270,3
198,446,-0.00408047105637114,1,175,4
198,629,0.279843471030091,0,161,3
198,1874,0.884590529568172,0,168,3
198,1654,0.626686207283429,0,175,3
198,1718,-0.613737345675528,0,172,4
198,1926,-1.19380810556388,0,132,3
198,1823,-0.142374672312249,0,316,3
198,148,0.681986091677246,0,226,3
198,1979,0.707292744897526,1,159,4
198,836,-0.82363896014078,0,101,4
198,1263,-0.443343105130594,1,207,4
198,983,1.53327198925274,0,363,2
199,1998,1.04543963713809,0,301,3
199,1350,-0.0494197661772364,1,216,3
199,1375,-0.851955418323398,1,206,3
199,1762,0.757314624651809,1,177,3
199,1972,-0.838395454362554,1,267,4
199,1594,0.632735152125697,0,200,3
199,1257,-0.0281203281433197,0,114,3
199,971,0.286763209991708,1,251,3
199,775,-0.114914535701644,0,214,3
199,209,0.489678079668699,1,242,3
199,943,1.3186648922669,0,292,3
199,650,0.448311028294573,1,254,4
200,33,-0.465323498205933,1,116,4
200,1695,-1.12952168346556,0,129,4
200,304,0.137953807536028,1,219,3
200,1363,1.07572332415815,1,245,4
200,1125,-1.15392664907035,0,150,3
